10336-3_3	10336-3	CHIP	103363	
10337-83_3	10337-83	CEBPB	1033783	
10339-48_3	10339-48	NSE	1033948	
10342-55_3	10342-55	PIAS4	1034255	
10344-334_3	10344-334	IL10Ra	10344334	
10346-5_3	10346-5	STAT3	103465	
10351-51_3	10351-51	IRF1	1035151	
10356-21_3	10356-21	cJun	1035621	
10358-33_3	10358-33	Mcl1	1035833	
10361-25_3	10361-25	OAS1	1036125	
10362-35_3	10362-35	cMyc	1036235	
10363-13_3	10363-13	SMAD3	1036313	
10364-6_3	10364-6	SMAD2	103646	
10365-132_3	10365-132	IL23	10365132	
10366-11_3	10366-11	PDGFRA	1036611	
10367-62_3	10367-62	IL12	1036762	
10370-21_3	10370-21	STAT1	1037021	
10372-18_3	10372-18	STAT6	1037218	
10990-21_3	10990-21	LRRK2	1099021	
11067-13_3	11067-13	Osteocalcin	1106713	
11071-1_3	11071-1	IL5	110711	
11081-1_3	11081-1	GPDA	110811	
11089-7_3	11089-7	IgA	110897	
11094-104_3	11094-104	LPPL	11094104	
11096-57_3	11096-57	HEMK2	1109657	
11098-1_3	11098-1	PDXK	110981	
11101-18_3	11101-18	TLR4	1110118	
11102-22_3	11102-22	REG4	1110222	
11103-24_3	11103-24	HSP27	1110324	
11104-13_3	11104-13	YKL40	1110413	
11105-171_3	11105-171	Alphaenolase	11105171	
11510-31_3	11510-31	ApoL1	1151031	
11513-92_3	11513-92	CD38	1151392	
11514-196_3	11514-196	CD59	11514196	
11516-7_3	11516-7	FABPL	115167	
12060-28_3	12060-28	GDF11	1206028	
13088-397_3	13088-397	BTC	13088397	
13089-6_3	13089-6	HIF1a	130896	
13090-17_3	13090-17	S100A6	1309017	
13093-6_3	13093-6	SECTM1	130936	
13094-75_3	13094-75	RSPO3	1309475	
13095-51_3	13095-51	PSP	1309551	
13097-11_3	13097-11	ApoptosisregulatorBclW	1309711	
13098-93_3	13098-93	VEGFD	1309893	
13101-60_3	13101-60	SOST	1310160	
13102-1_3	13102-1	FAM3D	131021	
13103-125_3	13103-125	CSH	13103125	
13104-32_3	13104-32	EFNB1	1310432	
13105-7_3	13105-7	SNP25	131057	
13107-9_3	13107-9	LYPD3	131079	
13109-82_3	13109-82	NEGR1	1310982	
13111-79_3	13111-79	BCL6	1311179	
13112-179_3	13112-179	FSTL1	13112179	
13113-7_3	13113-7	Osteopontin	131137	
13114-50_3	13114-50	Lumican	1311450	
13116-25_3	13116-25	CD177	1311625	
13117-232_3	13117-232	CHKB	13117232	
13118-5_3	13118-5	SMOC1	131185	
13119-26_3	13119-26	proteinZinhibitor	1311926	
13122-19_3	13122-19	FLRT2	1312219	
13123-3_3	13123-3	FLRT3	131233	
13124-20_3	13124-20	ISLR2	1312420	
13125-45_3	13125-45	Vitronectin	1312545	
13126-52_3	13126-52	DSC2	1312652	
13129-40_3	13129-40	LDLR	1312940	
13130-150_3	13130-150	HXK2	13130150	
13131-5_3	13131-5	HXK1	131315	
13132-14_3	13132-14	SEM5A	1313214	
13133-73_3	13133-73	LTBP4	1313373	
14114-18_3	14114-18	PIANP	1411418	
14115-34_3	14115-34	Adrenomedullin	1411534	
14116-129_3	14116-129	S100A4	14116129	
14120-2_3	14120-2	RNF43	141202	
14121-24_3	14121-24	TRAILR4	1412124	
14122-132_3	14122-132	ZNRF3	14122132	
14123-34_3	14123-34	GI24	1412334	
14124-6_3	14124-6	EphrinA2	141246	
14125-5_3	14125-5	ApoM	141255	
14127-240_3	14127-240	IFNb	14127240	
14128-121_3	14128-121	IFN10	14128121	
14129-1_3	14129-1	IFNA7	141291	
14131-37_3	14131-37	EFNB2	1413137	
14132-21_3	14132-21	HHLA2	1413221	
14133-93_3	14133-93	IL1sRII	1413393	
14134-49_3	14134-49	AMGO2	1413449	
14135-3_3	14135-3	RXFP1	141353	
14136-234_3	14136-234	C1QR1	14136234	
14139-16_3	14139-16	NRG4	1413916	
14143-8_3	14143-8	H2B2E	141438	
14144-3_3	14144-3	H2A3	141443	
14146-92_3	14146-92	H31	1414692	
14147-50_3	14147-50	IFNg	1414750	
14149-9_3	14149-9	IL1F8	141499	
14150-7_3	14150-7	IL1F6	141507	
14151-4_3	14151-4	UCRP	141514	
14153-8_3	14153-8	EphrinA3	141538	
14156-33_3	14156-33	X1433proteinbetaalpha	1415633	
14157-21_3	14157-21	X1433E	1415721	
14158-17_3	14158-17	AnnexinV	1415817	
14583-49_3	14583-49	Myostatin	1458349	
2182-54_1	2182-54	C4b	218254	
2190-55_1	2190-55	CoagulationFactorXI	219055	
2192-63_10	2192-63	CTACK	219263	
2201-17_6	2201-17	Endostatin	220117	
2211-9_6	2211-9	TIMP1	22119	
2212-69_1	2212-69	tPA	221269	
2247-20_11	2247-20	EGVEGF	224720	
2278-61_4	2278-61	TIMP2	227861	
2333-72_1	2333-72	TGFb1	233372	
2358-19_2	2358-19	VEGFsR3	235819	
2381-52_4	2381-52	C5	238152	
2418-55_9	2418-55	ApoE	241855	
2421-7_3	2421-7	BDNF	24217	
2429-27_4	2429-27	C8	242927	
2431-17_3	2431-17	CathepsinG	243117	
2436-49_4	2436-49	CXCL16soluble	243649	
2441-2_4	2441-2	FGF10	24412	
2443-10_4	2443-10	FGF8B	244310	
2447-7_4	2447-7	GIIE	24477	
2449-1_4	2449-1	GV	24491	
2468-62_3	2468-62	MIP3a	246862	
2474-54_5	2474-54	SAP	247454	
2475-1_3	2475-1	SCFsR	24751	
2480-58_3	2480-58	TIMP3	248058	
2500-2_3	2500-2	Angiopoietin4	25002	
2501-51_3	2501-51	CadherinE	250151	
2505-49_3	2505-49	GFRa3	250549	
2514-65_3	2514-65	EphrinB3	251465	
2515-14_3	2515-14	GFRa2	251514	
2516-57_3	2516-57	X6Ckine	251657	
2524-56_3	2524-56	HMG1	252456	
2526-53_3	2526-53	OPG	252653	
2558-51_3	2558-51	bEndorphin	255851	
2567-5_6	2567-5	FactorI	25675	
2571-12_3	2571-12	IGFBP3	257112	
2578-67_2	2578-67	MCP1	257867	
2579-17_5	2579-17	MMP9	257917	
2580-83_2	2580-83	Myeloperoxidase	258083	
2585-2_5	2585-2	PRL	25852	
2597-8_3	2597-8	VEGF	25978	
2598-9_3	2598-9	X41BB	25989	
2599-51_2	2599-51	X41BBligand	259951	
2602-2_2	2602-2	Angiopoietin2	26022	
2603-61_2	2603-61	B7	260361	
2605-49_2	2605-49	CD30	260549	
2607-54_2	2607-54	CLF1CLCComplex	260754	
2609-59_2	2609-59	CystatinC	260959	
2611-72_2	2611-72	Dtk	261172	
2612-5_2	2612-5	eIF5	26125	
2614-28_2	2614-28	EphrinA4	261428	
2615-60_2	2615-60	EphrinA5	261560	
2616-23_18	2616-23	ERBB2	261623	
2617-56_35	2617-56	ERBB3	261756	
2618-10_2	2618-10	ERBB4	261810	
2619-72_2	2619-72	GA7331protein	261972	
2620-4_2	2620-4	gp130soluble	26204	
2622-18_1	2622-18	HO2	262218	
2623-54_4	2623-54	HPVE7Type16	262354	
2624-31_2	2624-31	HPVE7Type18	262431	
2625-53_4	2625-53	HSP90ab	262553	
2630-12_2	2630-12	IL1RAcP	263012	
2631-50_2	2631-50	IL10Rb	263150	
2632-5_2	2632-5	IL12Rb1	26325	
2633-52_2	2633-52	IL13Ra1	263352	
2634-2_2	2634-2	IL2sRg	26342	
2635-61_2	2635-61	Layilin	263561	
2636-10_2	2636-10	LymphotoxinbR	263610	
2637-77_2	2637-77	Macrophagemannosereceptor	263777	
2638-12_2	2638-12	MCSFR	263812	
2640-3_2	2640-3	MSPR	26403	
2642-4_1	2642-4	PAFAHbetasubunit	26424	
2643-57_2	2643-57	PCadherin	264357	
2644-11_2	2644-11	PKCA	264411	
2645-54_1	2645-54	PKCZ	264554	
2647-66_2	2647-66	RabGDPdissociationinhibitorbeta	264766	
2649-77_2	2649-77	sICAM3	264977	
2652-15_1	2652-15	suPAR	265215	
2654-19_1	2654-19	TNFsRI	265419	
2658-27_1	2658-27	TrkC	265827	
2665-26_2	2665-26	BCMA	266526	
2666-53_2	2666-53	BoneproteoglycanII	266653	
2668-70_2	2668-70	CalpainI	266870	
2670-67_4	2670-67	CKMM	267067	
2677-1_1	2677-1	ERBB1	26771	
2681-23_2	2681-23	HGF	268123	
2682-68_1	2682-68	HSP60	268268	
2683-1_2	2683-1	iC3b	26831	
2685-21_2	2685-21	IGFBP5	268521	
2686-67_2	2686-67	IGFBP6	268667	
2687-2_1	2687-2	MIA	26872	
2692-74_2	2692-74	NPSPLA2	269274	
2693-20_3	2693-20	OSM	269320	
2695-25_1	2695-25	PECAM1	269525	
2696-87_2	2696-87	Persephin	269687	
2697-7_2	2697-7	PF4	26977	
2700-56_2	2700-56	ProteinS	270056	
2704-74_1	2704-74	TACI	270474	
2705-5_2	2705-5	TECK	27055	
2706-69_2	2706-69	ThyroxineBindingGlobulin	270669	
2708-54_2	2708-54	TNFSF18	270854	
2711-6_2	2711-6	CNTFRalpha	27116	
2714-78_2	2714-78	EMAP2	271478	
2715-25_2	2715-25	EPOR	271525	
2719-3_4	2719-3	GCSFR	27193	
2723-9_2	2723-9	IL1F7	27239	
2728-62_2	2728-62	Laminin	272862	
2730-58_2	2730-58	MICA	273058	
2731-29_2	2731-29	NADPHP450Oxidoreductase	273129	
2732-58_3	2732-58	NANOG	273258	
2734-49_4	2734-49	NKp44	273449	
2737-22_2	2737-22	NovH	273722	
2741-22_2	2741-22	Siglec6	274122	
2742-68_2	2742-68	Siglec7	274268	
2743-5_2	2743-5	SonicHedgehog	27435	
2744-57_2	2744-57	IgG	274457	
2746-56_1	2746-56	TSLPR	274656	
2747-3_2	2747-3	ULBP3	27473	
2748-3_2	2748-3	ActivinA	27483	
2750-3_2	2750-3	ApoAI	27503	
2751-16_2	2751-16	Azurocidin	275116	
2752-62_2	2752-62	BMP14	275262	
2753-2_2	2753-2	C1q	27532	
2754-50_2	2754-50	C3	275450	
2755-8_2	2755-8	C3adesArg	27558	
2760-2_2	2760-2	DRR1	27602	
2761-49_2	2761-49	FGF18	276149	
2762-30_2	2762-30	FGF19	276230	
2763-66_2	2763-66	FGF20	276366	
2764-20_2	2764-20	FGF9	276420	
2765-4_3	2765-4	GDF118	27654	
2768-56_2	2768-56	Hemopexin	276856	
2769-3_2	2769-3	HIV2Rev	27693	
2770-51_2	2770-51	I309	277051	
2771-35_2	2771-35	IGFBP1	277135	
2773-50_2	2773-50	IL10	277350	
2774-10_3	2774-10	IL16	277410	
2775-54_2	2775-54	IL17F	277554	
2778-10_2	2778-10	IL22	277810	
2780-35_2	2780-35	Lactoferrin	278035	
2781-63_2	2781-63	LAG1	278163	
2783-18_2	2783-18	LD78beta	278318	
2785-15_2	2785-15	MCP2	278515	
2788-55_1	2788-55	MMP3	278855	
2789-26_2	2789-26	MMP7	278926	
2790-54_2	2790-54	NAP2	279054	
2794-60_2	2794-60	SOD	279460	
2796-62_2	2796-62	Fibrinogen	279662	
2797-56_2	2797-56	ApoB	279756	
2805-6_2	2805-6	ACE2	28056	
2806-49_2	2806-49	ActivinRIB	280649	
2809-25_2	2809-25	ADAMTS4	280925	
2811-27_1	2811-27	Angiopoietin1	281127	
2813-11_2	2813-11	ART	281311	
2816-50_2	2816-50	BCAM	281650	
2819-23_2	2819-23	Cadherin5	281923	
2822-56_2	2822-56	CD97	282256	
2823-7_1	2823-7	COMMD7	28237	
2826-53_2	2826-53	EDA	282653	
2827-23_2	2827-23	FractalkineCX3CL1	282723	
2828-82_2	2828-82	HAI1	282882	
2829-19_2	2829-19	IL27	282919	
2831-29_1	2831-29	Kallikrein11	283129	
2833-20_1	2833-20	Kallikrein4	283320	
2834-54_1	2834-54	kallikrein8	283454	
2835-1_4	2835-1	Ku70	28351	
2836-68_2	2836-68	Lipocalin2	283668	
2837-3_2	2837-3	Met	28373	
2838-53_1	2838-53	MMP17	283853	
2839-2_1	2839-2	OX40Ligand	28392	
2841-13_2	2841-13	sFRP3	284113	
2843-13_2	2843-13	SPINT2	284313	
2844-53_2	2844-53	sTie1	284453	
2846-24_2	2846-24	Ubiquitin1	284624	
2848-2_2	2848-2	WIF1	28482	
2849-49_1	2849-49	AIF1	284949	
2851-63_3	2851-63	C5a	285163	
2853-68_2	2853-68	CHK1	285368	
2855-49_2	2855-49	ERK1	285549	
2857-70_2	2857-70	Glucocorticoidreceptor	285770	
2858-29_2	2858-29	Hat1	285829	
2859-69_2	2859-69	HDAC8	285969	
2860-19_2	2860-19	Karyopherina2	286019	
2864-2_3	2864-2	MEK1	28642	
2865-77_2	2865-77	MOZ	286577	
2869-68_3	2869-68	PKCD	286968	
2870-29_2	2870-29	RAC1	287029	
2871-73_2	2871-73	RAD51	287173	
2875-15_2	2875-15	TBP	287515	
2876-74_2	2876-74	TopoisomeraseI	287674	
2877-3_1	2877-3	UBC9	28773	
2878-66_2	2878-66	YES	287866	
2879-9_2	2879-9	a1Antichymotrypsin	28799	
2888-49_2	2888-49	C7	288849	
2889-37_2	2889-37	Cardiotrophin1	288937	
2890-59_2	2890-59	CCL28	289059	
2891-1_3	2891-1	CD22	28911	
2900-53_3	2900-53	HCC1	290053	
2906-55_3	2906-55	IL4	290655	
2911-27_2	2911-27	Midkine	291127	
2913-1_2	2913-1	MPIF1	29131	
2915-6_2	2915-6	PCNA	29156	
2917-3_2	2917-3	sRANKL	29173	
2925-9_1	2925-9	PAI1	29259	
2937-10_2	2937-10	ApoE3	293710	
2938-55_2	2938-55	ApoE4	293855	
2939-10_2	2939-10	Artemin	293910	
2942-50_2	2942-50	Cytochromec	294250	
2943-5_2	2943-5	CytochromeP4503A4	29435	
2944-66_2	2944-66	DAN	294466	
2945-25_1	2945-25	ER	294525	
2946-52_2	2946-52	FactorD	294652	
2948-58_2	2948-58	Growthhormonereceptor	294858	
2949-6_2	2949-6	GX	29496	
2950-57_2	2950-57	IGFBP4	295057	
2952-75_2	2952-75	IGFI	295275	
2953-31_2	2953-31	Luteinizinghormone	295331	
2960-66_2	2960-66	Properdin	296066	
2961-1_2	2961-1	ProteinC	29611	
2962-50_2	2962-50	PTHrP	296250	
2966-65_2	2966-65	SCGFbeta	296665	
2967-8_1	2967-8	VCAM1	29678	
2968-61_1	2968-61	TNFSF15	296861	
2969-11_1	2969-11	ALK1	296911	
2970-60_2	2970-60	AREG	297060	
2972-57_2	2972-57	BMP7	297257	
2973-15_2	2973-15	CD36ANTIGEN	297315	
2974-61_2	2974-61	contactin1	297461	
2975-19_2	2975-19	CTGF	297519	
2976-58_2	2976-58	Desmoglein1	297658	
2977-7_2	2977-7	EDAR	29777	
2979-8_2	2979-8	ENA78	29798	
2981-9_3	2981-9	ESAM	29819	
2982-82_2	2982-82	Galectin4	298282	
2985-35_1	2985-35	Groa	298535	
2986-49_2	2986-49	Grobg	298649	
2987-37_3	2987-37	HistoneH12	298737	
2988-57_2	2988-57	ICOS	298857	
2991-9_2	2991-9	IL1sRI	29919	
2992-59_2	2992-59	IL17sR	299259	
2993-1_2	2993-1	IL18Rb	29931	
2994-71_2	2994-71	IL1Rrp2	299471	
2997-8_1	2997-8	JAMB	29978	
2998-53_2	2998-53	JAMC	299853	
2999-6_2	2999-6	LSAMP	29996	
3000-66_1	3000-66	MBL	300066	
3003-29_2	3003-29	NKp30	300329	
3004-67_2	3004-67	PDL2	300467	
3005-5_2	3005-5	PTP1B	30055	
3007-7_2	3007-7	Siglec9	30077	
3009-3_2	3009-3	TGFbRIII	30093	
3010-53_2	3010-53	TSLP	301053	
3022-4_2	3022-4	CTLA4	30224	
3024-18_2	3024-18	a2Antiplasmin	302418	
3025-50_1	3025-50	bFGF	302550	
3026-5_2	3026-5	Calpastatin	30265	
3028-36_2	3028-36	Ckb81	302836	
3029-52_2	3029-52	DCSIGN	302952	
3030-3_2	3030-3	DCSIGNR	30303	
3032-11_2	3032-11	FSH	303211	
3033-57_1	3033-57	Galectin2	303357	
3034-1_2	3034-1	GFAP	30341	
3035-80_2	3035-80	IL19	303580	
3037-62_1	3037-62	IL1b	303762	
3038-9_2	3038-9	ITAC	30389	
3040-59_1	3040-59	MIP1a	304059	
3041-55_2	3041-55	MRC2	304155	
3042-7_2	3042-7	Myoglobin	30427	
3043-49_2	3043-49	ON	304349	
3044-3_2	3044-3	PARC	30443	
3045-72_2	3045-72	PTN	304572	
3046-31_1	3046-31	resistin	304631	
3049-61_2	3049-61	Trypsin	304961	
3050-7_2	3050-7	vWF	30507	
3052-8_2	3052-8	Fasligandsoluble	30528	
3053-49_2	3053-49	Flt3ligand	305349	
3054-3_2	3054-3	HaptoglobinMixedType	30543	
3055-54_2	3055-54	IL4sR	305554	
3056-11_1	3056-11	NKG2D	305611	
3057-55_1	3057-55	WISP1	305755	
3059-50_2	3059-50	BAFF	305950	
3060-43_2	3060-43	C9	306043	
3061-61_2	3061-61	CathepsinB	306161	
3065-65_1	3065-65	FGF5	306565	
3066-12_1	3066-12	Galectin3	306612	
3067-67_1	3067-67	GDF9	306767	
3069-52_3	3069-52	IgM	306952	
3070-1_2	3070-1	IL2	30701	
3072-4_2	3072-4	IL13	30724	
3073-51_2	3073-51	IL18BPa	307351	
3074-6_2	3074-6	LBP	30746	
3077-66_2	3077-66	CoagulationFactorXa	307766	
3078-1_2	3078-1	PlGF	30781	
3079-62_2	3079-62	TIG2	307962	
3081-70_2	3081-70	ULBP1	308170	
3082-9_2	3082-9	ULBP2	30829	
3083-71_1	3083-71	XEDAR	308371	
3091-70_2	3091-70	AurorakinaseA	309170	
3115-64_2	3115-64	MK01	311564	
3122-6_2	3122-6	SMAC	31226	
3132-1_1	3132-1	VEGFC	31321	
3143-3_1	3143-3	sCD4	31433	
3151-6_1	3151-6	IL2sRa	31516	
3152-57_1	3152-57	TNFsRII	315257	
3166-92_1	3166-92	Siglec3	316692	
3168-8_2	3168-8	ADAMTS5	31688	
3169-70_2	3169-70	IDUA	316970	
3170-6_1	3170-6	AMPM2	31706	
3171-57_2	3171-57	amyloidprecursorprotein	317157	
3172-28_2	3172-28	ARSB	317228	
3173-49_2	3173-49	ASAHL	317349	
3174-2_1	3174-2	ATS1	31742	
3175-51_5	3175-51	ATS13	317551	
3177-49_2	3177-49	CarbonicAnhydraseIV	317749	
3178-5_2	3178-5	CATC	31785	
3179-51_2	3179-51	CathepsinA	317951	
3181-50_2	3181-50	CathepsinS	318150	
3182-38_2	3182-38	CD39	318238	
3184-25_2	3184-25	CoagulationFactorVII	318425	
3186-2_2	3186-2	C2	31862	
3187-52_2	3187-52	CRIS3	318752	
3189-61_2	3189-61	Enterokinase	318961	
3191-50_2	3191-50	WFKN1	319150	
3192-3_2	3192-3	Glutamatecarboxypeptidase	31923	
3194-36_2	3194-36	GPVI	319436	
3195-50_2	3195-50	Granulysin	319550	
3196-6_2	3196-6	HPLN1	31966	
3197-70_2	3197-70	IDE	319770	
3198-4_1	3198-4	IDS	31984	
3199-54_2	3199-54	kallikrein12	319954	
3200-49_2	3200-49	kallikrein13	320049	
3201-49_2	3201-49	kallikrein5	320149	
3202-28_2	3202-28	KREM2	320228	
3204-2_2	3204-2	LKHA4	32042	
3206-4_2	3206-4	LYVE1	32064	
3208-2_4	3208-2	MATN3	32082	
3209-69_1	3209-69	MEPE	320969	
3210-1_2	3210-1	METAP1	32101	
3212-30_3	3212-30	ASAH2	321230	
3213-65_2	3213-65	Nidogen	321365	
3216-2_2	3216-2	PIGR	32162	
3217-74_2	3217-74	ProteasenexinI	321774	
3220-40_2	3220-40	RET	322040	
3221-54_1	3221-54	SARP2	322154	
3222-11_2	3222-11	Semaphorin3A	322211	
3232-28_2	3232-28	TrATPase	323228	
3234-23_2	3234-23	URB	323423	
3235-50_2	3235-50	WFKN2	323550	
3280-49_2	3280-49	Aggrecan	328049	
3281-19_1	3281-19	ANGL3	328119	
3283-21_1	3283-21	BGH3	328321	
3284-75_1	3284-75	BGN	328475	
3285-23_2	3285-23	C1r	328523	
3289-19_2	3289-19	CarbonicAnhydraseX	328919	
3290-50_2	3290-50	CD109	329050	
3291-30_2	3291-30	CD23	329130	
3292-75_1	3292-75	CD48	329275	
3293-2_4	3293-2	CD5L	32932	
3294-55_2	3294-55	CFC1	329455	
3296-92_2	3296-92	CNTN2	329692	
3298-52_2	3298-52	Contactin4	329852	
3299-29_2	3299-29	Contactin5	329929	
3302-58_1	3302-58	CYTF	330258	
3303-23_2	3303-23	CystatinM	330323	
3305-6_1	3305-6	DLL4	33056	
3309-2_2	3309-2	FCG2A	33092	
3310-62_1	3310-62	FCG2B	331062	
3311-27_1	3311-27	FCG3B	331127	
3312-64_1	3312-64	FCGR1	331264	
3313-21_2	3313-21	FCN2	331321	
3314-74_2	3314-74	GFRa1	331474	
3315-15_1	3315-15	GPC2	331515	
3316-58_1	3316-58	HeparincofactorII	331658	
3317-33_1	3317-33	HTRA2	331733	
3320-49_2	3320-49	IGFBP7	332049	
3321-2_2	3321-2	IL24	33212	
3322-52_2	3322-52	LRIG3	332252	
3323-37_1	3323-37	LRP8	332337	
3324-51_1	3324-51	LY9	332451	
3325-2_2	3325-2	MATN2	33252	
3326-58_2	3326-58	Nectinlikeprotein2	332658	
3327-27_1	3327-27	NET4	332727	
3329-14_2	3329-14	PGRPS	332914	
3331-8_1	3331-8	RGMB	33318	
3332-57_1	3332-57	RGMC	333257	
3336-50_1	3336-50	TFPI	333650	
3339-33_1	3339-33	TSP2	333933	
3340-53_1	3340-53	TSP4	334053	
3341-33_4	3341-33	ABL1	334133	
3343-1_4	3343-1	Aminoacylase1	33431	
3344-60_4	3344-60	AntithrombinIII	334460	
3346-72_2	3346-72	AURKB	334672	
3347-9_2	3347-9	BARK1	33479	
3348-49_2	3348-49	BMP1	334849	
3350-53_2	3350-53	CAMK2A	335053	
3351-1_1	3351-1	CAMK2B	33511	
3352-80_3	3352-80	Carbonicanhydrase6	335280	
3356-50_1	3356-50	CarbonicanhydraseVII	335650	
3357-67_2	3357-67	CDK2cyclinA	335767	
3358-51_2	3358-51	CDK5p35	335851	
3359-11_2	3359-11	CDK8cyclinC	335911	
3360-50_4	3360-50	Chk2	336050	
3361-26_2	3361-26	CLC4K	336126	
3362-61_2	3362-61	CRDL1	336261	
3363-31_4	3363-31	CSK	336331	
3364-76_2	3364-76	CathepsinV	336476	
3365-7_2	3365-7	Dkk4	33657	
3366-51_2	3366-51	ECM1	336651	
3367-8_3	3367-8	FETUB	33678	
3373-5_2	3373-5	GranzymeH	33735	
3374-49_2	3374-49	HCK	337449	
3376-49_2	3376-49	IL17RD	337649	
3378-49_2	3378-49	Kallikrein7	337849	
3379-29_1	3379-29	KPCI	337929	
3381-24_2	3381-24	LYNB	338124	
3387-1_2	3387-1	PAK3	33871	
3388-58_2	3388-58	PAK7	338858	
3389-7_2	3389-7	PCI	33897	
3390-72_2	3390-72	PIK3CAPIK3R1	339072	
3391-10_2	3391-10	PK3CG	339110	
3392-68_2	3392-68	PKBabg	339268	
3394-81_2	3394-81	PLK1	339481	
3396-54_2	3396-54	Renin	339654	
3397-7_4	3397-7	SHP2	33977	
3399-31_2	3399-31	STAB2	339931	
3400-49_2	3400-49	TBK1	340049	
3401-8_2	3401-8	TCPTP	34018	
3403-1_2	3403-1	TPSB2	34031	
3404-51_2	3404-51	TPSG1	340451	
3405-6_2	3405-6	UFC1	34056	
3412-7_1	3412-7	Bcl2	34127	
3413-50_2	3413-50	BFL1	341350	
3414-40_2	3414-40	BMX	341440	
3415-61_2	3415-61	BSP	341561	
3416-2_2	3416-2	BTK	34162	
3418-12_2	3418-12	CAMK1D	341812	
3419-49_2	3419-49	CAMK2D	341949	
3420-21_2	3420-21	CarbonicanhydraseXIII	342021	
3421-54_2	3421-54	CD30Ligand	342154	
3422-4_2	3422-4	CDK1cyclinB	34224	
3423-59_2	3423-59	Chymase	342359	
3427-63_2	3427-63	CSK21	342763	
3431-54_2	3431-54	EphA1	343154	
3432-21_2	3432-21	EPHA3	343221	
3434-34_1	3434-34	FN13	343434	
3435-53_2	3435-53	FN14	343553	
3437-80_3	3437-80	Flt3	343780	
3438-10_2	3438-10	FSTL3	343810	
3440-7_2	3440-7	granzymeA	34407	
3441-64_2	3441-64	GSK3alphabeta	344164	
3443-61_2	3443-61	HIPK3	344361	
3445-53_2	3445-53	IL15Ra	344553	
3446-7_2	3446-7	IL18Ra	34467	
3447-64_2	3447-64	IL8	344764	
3448-13_2	3448-13	IR	344813	
3449-58_2	3449-58	Kallistatin	344958	
3450-4_2	3450-4	Kallikrein6	34504	
3452-17_2	3452-17	LCK	345217	
3453-87_2	3453-87	LYN	345387	
3457-57_1	3457-57	Periostin	345757	
3459-49_2	3459-49	PDGFRb	345949	
3461-58_1	3461-58	PGCB	346158	
3466-8_2	3466-8	PRKACA	34668	
3469-74_1	3469-74	RPS6KA3	346974	
3470-1_2	3470-1	sESelectin	34701	
3471-49_1	3471-49	STK16	347149	
3472-40_2	3472-40	Survivin	347240	
3473-78_2	3473-78	ThrombopoietinReceptor	347378	
3474-19_2	3474-19	Thrombospondin1	347419	
3477-63_2	3477-63	TrkA	347763	
3479-71_2	3479-71	TRY3	347971	
3480-7_1	3480-7	DUS3	34807	
3481-87_1	3481-87	XPNPEP1	348187	
3484-60_2	3484-60	Angiotensinogen	348460	
3485-28_2	3485-28	b2Microglobulin	348528	
3486-58_2	3486-58	bECGF	348658	
3487-32_2	3487-32	BLC	348732	
3488-64_2	3488-64	Catalase	348864	
3489-9_2	3489-9	CNTF	34899	
3494-71_3	3494-71	FGF17	349471	
3495-15_2	3495-15	GCP2	349515	
3497-13_2	3497-13	IFNaA	349713	
3499-77_2	3499-77	IL17B	349977	
3503-4_2	3503-4	Integrina1b1	35034	
3504-58_2	3504-58	LEAP1	350458	
3505-6_2	3505-6	Lymphotoxina1b2	35056	
3506-49_1	3506-49	Lymphotoxina2b1	350649	
3508-78_3	3508-78	MDC	350878	
3509-1_1	3509-1	MIP5	35091	
3514-49_2	3514-49	Proteinase3	351449	
3516-60_2	3516-60	SDF1	351660	
3518-54_2	3518-54	TAFI	351854	
3519-3_2	3519-3	TARC	35193	
3520-58_1	3520-58	TGFb3	352058	
3521-16_2	3521-16	TSH	352116	
3522-57_1	3522-57	VasoactiveIntestinalPeptide	352257	
3534-14_2	3534-14	CD40ligandsoluble	353414	
3535-84_1	3535-84	DKK1	353584	
3538-26_1	3538-26	dopadecarboxylase	353826	
3554-24_1	3554-24	Adiponectin	355424	
3580-25_8	3580-25	a1Antitrypsin	358025	
3581-53_3	3581-53	a2HSGlycoprotein	358153	
3583-54_4	3583-54	ArylsulfataseA	358354	
3585-54_4	3585-54	BASI	358554	
3587-53_2	3587-53	BMP10	358753	
3591-51_3	3591-51	Cadherin6	359151	
3592-4_3	3592-4	CAMK1	35924	
3593-72_3	3593-72	Caspase3	359372	
3594-6_5	3594-6	CATE	35946	
3600-2_3	3600-2	Chitotriosidase1	36002	
3601-54_3	3601-54	CHL1	360154	
3603-60_5	3603-60	CLC7A	360360	
3605-77_4	3605-77	MASP3	360577	
3606-2_5	3606-2	Discoidindomainreceptor2	36062	
3607-71_1	3607-71	DKK3	360771	
3608-12_5	3608-12	DPP2	360812	
3611-70_4	3611-70	Endothelinconvertingenzyme1	361170	
3612-6_4	3612-6	EphB4	36126	
3613-62_5	3613-62	FCN1	361362	
3616-3_5	3616-3	GNS	36163	
3617-80_4	3617-80	HGFA	361780	
3620-67_2	3620-67	IL22RA1	362067	
3622-33_4	3622-33	LGMN	362233	
3623-84_4	3623-84	LY86	362384	
3624-3_4	3624-3	Marapsin	36243	
3627-71_4	3627-71	MMEL2	362771	
3628-3_4	3628-3	MP2K2	36283	
3629-60_4	3629-60	MRCKB	362960	
3630-27_4	3630-27	Nectinlikeprotein1	363027	
3633-70_5	3633-70	NID2	363370	
3634-5_4	3634-5	OBCAM	36345	
3635-76_4	3635-76	OCAD1	363576	
3636-37_4	3636-37	OLR1	363637	
3640-14_3	3640-14	RAP	364014	
3642-4_1	3642-4	SLAF5	36424	
3643-90_2	3643-90	SLIK1	364390	
3644-5_4	3644-5	Soggy1	36445	
3646-7_4	3646-7	TEC	36467	
3647-49_4	3647-49	TLR4MD2complex	364749	
3651-50_5	3651-50	VEGFsR2	365150	
3654-27_5	3654-27	BMPER	365427	
3656-9_1	3656-9	Cadherin12	36569	
3657-74_3	3657-74	CalcineurinBa	365774	
3666-17_4	3666-17	complementfactorHrelated5	366617	
3676-15_3	3676-15	IGFIIreceptor	367615	
3681-87_3	3681-87	kallikrein14	368187	
3684-78_3	3684-78	Macrophagescavengerreceptor	368478	
3685-53_1	3685-53	MFRP	368553	
3707-12_2	3707-12	Albumin	370712	
3708-62_1	3708-62	a2Macroglobulin	370862	
3709-4_2	3709-4	ALT	37094	
3710-49_2	3710-49	Angiostatin	371049	
3714-49_2	3714-49	CKMB	371449	
3719-2_2	3719-2	p27Kip1	37192	
3723-1_2	3723-1	BNP32	37231	
3727-35_1	3727-35	PYY	372735	
3728-52_2	3728-52	Secretin	372852	
3730-81_2	3730-81	TNR4	373081	
3738-54_4	3738-54	CSF1	373854	
3758-68_3	3758-68	ActivatedProteinC	375868	
3761-4_2	3761-4	COX2	37614	
3766-51_4	3766-51	STX1a	376651	
3773-15_4	3773-15	sTie2	377315	
3795-6_2	3795-6	ADAM9	37956	
3796-79_2	3796-79	ANGL4	379679	
3797-1_1	3797-1	Cadherin2	37971	
3798-71_1	3798-71	Carbonicanhydrase9	379871	
3799-11_2	3799-11	CarbonicanhydraseIII	379911	
3800-71_2	3800-71	CKBB	380071	
3802-50_1	3802-50	CystatinS	380250	
3803-10_2	3803-10	CYTD	380310	
3805-16_2	3805-16	Endocan	380516	
3806-55_1	3806-55	EphA5	380655	
3807-1_2	3807-1	FGF23	38071	
3808-76_2	3808-76	FGFR2	380876	
3809-1_2	3809-1	FGFR3	38091	
3810-50_2	3810-50	FGR	381050	
3813-3_2	3813-3	FYN	38133	
3815-14_1	3815-14	IL12RB2	381514	
3817-18_1	3817-18	KPCT	381718	
3820-68_2	3820-68	MAPK2	382068	
3821-28_1	3821-28	MAPK5	382128	
3822-54_2	3822-54	MAPKAPK3	382254	
3823-9_1	3823-9	MATK	38239	
3825-18_2	3825-18	MK08	382518	
3827-22_1	3827-22	PAK6	382722	
3828-54_2	3828-54	PDGFCC	382854	
3831-21_1	3831-21	pTEN	383121	
3832-51_1	3832-51	PTK6	383251	
3835-11_2	3835-11	TLR2	383511	
3836-51_2	3836-51	UFM1	383651	
3839-60_2	3839-60	AIP	383960	
3844-2_1	3844-2	CyclophilinA	38442	
3845-51_2	3845-51	DLRB1	384551	
3847-56_2	3847-56	ETHE1	384756	
3848-14_2	3848-14	GAPDHliver	384814	
3852-19_2	3852-19	HSP40	385219	
3853-56_1	3853-56	MDHC	385356	
3854-24_1	3854-24	NACA	385424	
3855-56_1	3855-56	Peroxiredoxin1	385556	
3858-5_1	3858-5	PPAC	38585	
3859-50_2	3859-50	PSA1	385950	
3860-7_2	3860-7	PSA6	38607	
3864-5_2	3864-5	RS7	38645	
3865-53_1	3865-53	RSKlikeproteinkinase	386553	
3866-7_2	3866-7	SBDS	38667	
3867-49_1	3867-49	SE6L2	386749	
3868-8_1	3868-8	SGTA	38688	
3872-2_1	3872-2	TCTP	38722	
3873-51_2	3873-51	TMA	387351	
3874-8_1	3874-8	UB2L3	38748	
3875-62_1	3875-62	ARI3A	387562	
3877-67_2	3877-67	CaMKKalpha	387767	
3879-50_1	3879-50	CDC37	387950	
3881-49_2	3881-49	DLC8	388149	
3887-90_2	3887-90	IMB1	388790	
3888-8_1	3888-8	ING1	38888	
3889-64_2	3889-64	LaminB1	388964	
3890-8_2	3890-8	LDHH1	38908	
3891-56_1	3891-56	MBD4	389156	
3893-64_1	3893-64	Mesothelin	389364	
3894-15_2	3894-15	NAGK	389415	
3896-5_2	3896-5	Phosphoglyceratemutase1	38965	
3897-61_1	3897-61	PLPP	389761	
3898-5_2	3898-5	PSD7	38985	
3902-21_2	3902-21	SKP1	390221	
3903-49_2	3903-49	Sortingnexin4	390349	
3905-62_1	3905-62	UBE2N	390562	
4122-12_2	4122-12	discoidindomainreceptor1	412212	
4123-60_2	4123-60	FGF4	412360	
4124-24_2	4124-24	HSP70	412424	
4125-52_2	4125-52	sRAGE	412552	
4126-22_1	4126-22	BPI	412622	
4127-75_1	4127-75	C6	412775	
4128-27_2	4128-27	Eotaxin2	412827	
4129-72_1	4129-72	FactorB	412972	
4130-71_1	4130-71	FGF6	413071	
4131-72_2	4131-72	Fibronectin	413172	
4132-27_2	4132-27	FST	413227	
4133-54_2	4133-54	GranzymeB	413354	
4134-4_2	4134-4	HBEGF	41344	
4135-84_2	4135-84	IgE	413584	
4136-40_2	4136-40	IL17D	413640	
4137-57_2	4137-57	IL17E	413757	
4138-25_2	4138-25	IL20	413825	
4139-71_2	4139-71	IL6sRa	413971	
4140-3_2	4140-3	IL7	41403	
4141-79_1	4141-79	IP10	414179	
4143-74_2	4143-74	Lymphotactin	414374	
4144-13_1	4144-13	MCP4	414413	
4145-58_2	4145-58	Neurotrophin3	414558	
4146-58_2	4146-58	Neurotrophin5	414658	
4148-49_2	4148-49	PAPPA	414849	
4149-8_2	4149-8	PDGFBB	41498	
4150-75_2	4150-75	Plasmin	415075	
4151-6_2	4151-6	Plasminogen	41516	
4152-58_2	4152-58	Prekallikrein	415258	
4153-11_2	4153-11	alpha1antichymotrypsincomplex	415311	
4154-57_2	4154-57	PSelectin	415457	
4155-3_2	4155-3	Tenascin	41553	
4156-74_1	4156-74	TGFb2	415674	
4157-2_1	4157-2	Thrombin	41572	
4158-54_2	4158-54	uPA	415854	
4159-130_1	4159-130	FactorH	4159130	
4160-49_1	4160-49	MMP2	416049	
4162-54_2	4162-54	Transferrin	416254	
4163-5_2	4163-5	HistoneH2Az	41635	
4165-2_1	4165-2	Thyroglobulin	41652	
4179-57_3	4179-57	X1433	417957	
4184-43_3	4184-43	X4EBP2	418443	
4187-49_2	4187-49	X6Phosphogluconatedehydrogenase	418749	
4188-1_2	4188-1	AflatoxinB1aldehydereductase	41881	
4192-10_2	4192-10	AK1A1	419210	
4194-26_3	4194-26	AN32B	419426	
4203-50_2	4203-50	Cofilin1	420350	
4209-60_2	4209-60	DRG1	420960	
4212-5_3	4212-5	EP15R	42125	
4217-49_3	4217-49	ERAB	421749	
4220-39_2	4220-39	FER	422039	
4224-7_2	4224-7	HNRPQ	42247	
4230-1_2	4230-1	IF4G2	42301	
4232-19_2	4232-19	IGFIsR	423219	
4234-8_2	4234-8	IL1R4	42348	
4237-70_3	4237-70	LCMT1	423770	
4238-4_2	4238-4	LIN7B	42384	
4240-31_2	4240-31	M2PK	424031	
4245-80_2	4245-80	MDM2	424580	
4246-40_2	4246-40	NCAML1	424640	
4249-64_2	4249-64	NDPkinaseB	424964	
4250-23_3	4250-23	NSF1C	425023	
4254-6_2	4254-6	NUDC3	42546	
4258-15_2	4258-15	PA2G4	425815	
4261-55_2	4261-55	paraoxonase1	426155	
4267-81_3	4267-81	PESC	426781	
4271-75_2	4271-75	PFD5	427175	
4272-46_2	4272-46	PHI	427246	
4276-10_2	4276-10	prostaticbindingprotein	427610	
4278-14_3	4278-14	Proteindisulfideisomerase	427814	
4280-47_2	4280-47	PSA2	428047	
4282-3_2	4282-3	RAN	42823	
4284-18_3	4284-18	RBM39	428418	
4292-5_3	4292-5	SNAA	42925	
4294-16_2	4294-16	Sphingosinekinase1	429416	
4297-62_3	4297-62	Spondin1	429762	
4301-58_2	4301-58	Thymidinekinase	430158	
4304-18_2	4304-18	transcriptionfactorMLR1isoformCRA_b	430418	
4306-4_2	4306-4	Transketolase	43064	
4309-59_3	4309-59	Triosephosphateisomerase	430959	
4314-12_2	4314-12	XTP3A	431412	
4318-12_3	4318-12	PTP1C	431812	
4322-28_3	4322-28	AMNLS	432228	
4324-33_2	4324-33	CYTT	432433	
4328-2_2	4328-2	BOC	43282	
4332-6_2	4332-6	CLC1B	43326	
4336-2_1	4336-2	SAA	43362	
4337-49_2	4337-49	CRP	433749	
4342-10_3	4342-10	sICAM1	434210	
4355-13_1	4355-13	DAPK2	435513	
4359-87_1	4359-87	DYRK3	435987	
4374-45_2	4374-45	MIC1	437445	
4389-2_1	4389-2	DHH	43892	
4392-54_2	4392-54	FGF12	439254	
4393-3_1	4393-3	FGF16	43933	
4394-71_2	4394-71	FGF8A	439471	
4396-54_1	4396-54	IFNlambda1	439654	
4397-26_2	4397-26	IFNlambda2	439726	
4407-10_1	4407-10	MSP	440710	
4413-3_2	4413-3	SLPI	44133	
4414-69_2	4414-69	SPD	441469	
4420-7_2	4420-7	ADAM12	44207	
4423-77_2	4423-77	BCL2like1protein	442377	
4428-1_2	4428-1	CHST2	44281	
4429-51_2	4429-51	CHST6	442951	
4430-44_3	4430-44	CollectinKidney1	443044	
4435-66_2	4435-66	ENPP7	443566	
4436-1_2	4436-1	ENTP3	44361	
4437-56_3	4437-56	ENTP5	443756	
4440-15_2	4440-15	FCRL3	444015	
4449-67_3	4449-67	GREM1	444967	
4450-26_2	4450-26	hnRNPAB	445026	
4452-9_2	4452-9	LRRT1	44529	
4453-83_3	4453-83	LRRT3	445383	
4455-89_2	4455-89	MFGM	445589	
4459-68_2	4459-68	PCSK7	445968	
4460-8_2	4460-8	PDPK1	44608	
4464-10_2	4464-10	Sialoadhesin	446410	
4467-49_2	4467-49	SPARCL1	446749	
4468-21_2	4468-21	SPHK2	446821	
4469-78_2	4469-78	ST4S6	446978	
4471-50_2	4471-50	TGM3	447150	
4472-5_2	4472-5	Tropomyosin2	44725	
4474-19_2	4474-19	Ubiquitin	447419	
4476-22_2	4476-22	ZAP70	447622	
4479-14_2	4479-14	C1EsteraseInhibitor	447914	
4480-59_2	4480-59	C3b	448059	
4481-34_2	4481-34	C4	448134	
4482-66_2	4482-66	C5b6Complex	448266	
4487-1_1	4487-1	FGF7	44871	
4490-65_2	4490-65	IL3Ra	449065	
4491-4_2	4491-4	IL5Ra	44914	
4493-92_1	4493-92	IL11	449392	
4495-33_2	4495-33	KininogenHMW	449533	
4496-60_2	4496-60	MMP12	449660	
4498-62_2	4498-62	NCAM120	449862	
4499-21_1	4499-21	PDGFAA	449921	
4500-50_2	4500-50	SCGFalpha	450050	
4533-76_2	4533-76	ATS15	453376	
4534-10_2	4534-10	BSSP4	453410	
4535-50_2	4535-50	BST1	453550	
4540-11_2	4540-11	CBX5	454011	
4541-49_2	4541-49	CDON	454149	
4542-24_2	4542-24	Clusterin	454224	
4543-65_2	4543-65	CONA1	454365	
4544-4_3	4544-4	CTAPIII	45444	
4545-53_3	4545-53	DnaJhomolog	454553	
4546-27_3	4546-27	EMR2	454627	
4547-59_2	4547-59	FLRT1	454759	
4548-4_2	4548-4	Fucosyltransferase3	45484	
4549-78_2	4549-78	FUT5	454978	
4551-72_3	4551-72	GP114	455172	
4553-65_3	4553-65	HDGR2	455365	
4556-10_2	4556-10	IL34	455610	
4557-61_2	4557-61	KIRR3	455761	
4559-64_2	4559-64	KYNU	455964	
4561-65_2	4561-65	LivinB	456165	
4562-1_2	4562-1	NXPH1	45621	
4563-61_2	4563-61	PLCG1	456361	
4564-2_2	4564-2	PLXC1	45642	
4566-24_3	4566-24	RSPO2	456624	
4567-82_2	4567-82	SH21A	456782	
4568-17_2	4568-17	SLIK5	456817	
4569-52_2	4569-52	SORC2	456952	
4588-1_2	4588-1	PH	45881	
4673-13_2	4673-13	IL6	467313	
4693-72_2	4693-72	X3HIDH	469372	
4697-59_2	4697-59	GMCSF	469759	
4703-87_2	4703-87	TNFb	470387	
4706-17_2	4706-17	X41	470617	
4708-3_2	4708-3	X17betaHSD1	47083	
4712-28_2	4712-28	ApoD	471228	
4717-55_2	4717-55	IL3	471755	
4718-5_2	4718-5	PPIB	47185	
4719-58_2	4719-58	ProteindisulfideisomeraseA3	471958	
4721-54_2	4721-54	TFF3	472154	
4763-31_3	4763-31	Afamin	476331	
4769-10_3	4769-10	Olfactomedin4	476910	
4771-10_3	4771-10	ASM3A	477110	
4774-62_3	4774-62	FAM107B	477462	
4775-34_3	4775-34	Gelsolin	477534	
4785-30_3	4785-30	CBG	478530	
4786-58_3	4786-58	Cytidylatekinase	478658	
4792-51_2	4792-51	C34gp41HIVFragment	479251	
4801-13_3	4801-13	PERL	480113	
4807-13_3	4807-13	CO8A1	480713	
4811-33_3	4811-33	ITIheavychainH4	481133	
4815-25_3	4815-25	TXD12	481525	
4829-43_6	4829-43	STRATIFIN	482943	
4831-4_2	4831-4	sLSelectin	48314	
4832-75_2	4832-75	TRAILR1	483275	
4834-61_2	4834-61	Epithelialcellkinase	483461	
4840-73_1	4840-73	GCSF	484073	
4842-62_2	4842-62	Glypican3	484262	
4851-25_1	4851-25	IL1a	485125	
4859-6_1	4859-6	BMPR1A	48596	
4862-63_1	4862-63	BMPRII	486263	
4866-59_2	4866-59	TrkB	486659	
4867-15_2	4867-15	VEGF121	486715	
4874-3_1	4874-3	Angiogenin	48743	
4876-32_1	4876-32	CoagulationFactorIX	487632	
4878-3_1	4878-3	CoagulationFactorX	48783	
4880-21_1	4880-21	GDF2	488021	
4883-56_2	4883-56	Insulin	488356	
4886-3_1	4886-3	MCP3	48863	
4889-82_1	4889-82	WNT7A	488982	
4890-10_1	4890-10	ACTH	489010	
4891-50_1	4891-50	Glucagon	489150	
4900-8_1	4900-8	C3a	49008	
4903-72_1	4903-72	Calcineurin	490372	
4904-7_1	4904-7	Caspase2	49047	
4905-63_1	4905-63	Coactosinlikeprotein	490563	
4906-35_1	4906-35	CoagulationFactorV	490635	
4907-56_1	4907-56	Ddimer	490756	
4908-6_1	4908-6	Endoglin	49086	
4909-68_1	4909-68	Galectin8	490968	
4910-21_1	4910-21	GIB	491021	
4911-49_2	4911-49	GlutathioneStransferasePi	491149	
4912-17_1	4912-17	GOT1	491217	
4913-78_1	4913-78	HCC4	491378	
4914-10_1	4914-10	HCG	491410	
4915-64_2	4915-64	Hemoglobin	491564	
4916-2_1	4916-2	IgD	49162	
4917-62_1	4917-62	IntegrinaVb5	491762	
4920-10_1	4920-10	Lysozyme	492010	
4922-13_1	4922-13	MIP3b	492213	
4923-79_1	4923-79	MIS	492379	
4924-32_1	4924-32	MMP1	492432	
4925-54_2	4925-54	MMP13	492554	
4929-55_1	4929-55	SHBG	492955	
4930-21_1	4930-21	Stanniocalcin1	493021	
4931-59_1	4931-59	TF	493159	
4956-2_1	4956-2	EPI	49562	
4957-1_2	4957-1	X40SribosomalproteinSA	49571	
4959-2_1	4959-2	AGR2	49592	
4960-72_1	4960-72	annexinI	496072	
4961-17_1	4961-17	annexinII	496117	
4962-52_1	4962-52	ARMEL	496252	
4963-19_1	4963-19	ARP19	496319	
4964-67_1	4964-67	ARTS1	496467	
4965-27_1	4965-27	ATPsynthasebetachain	496527	
4967-1_1	4967-1	C1QBP	49671	
4968-50_1	4968-50	CAPG	496850	
4969-2_1	4969-2	CarbonicanhydraseI	49692	
4970-55_1	4970-55	carbonicanhydraseII	497055	
4971-1_1	4971-1	CATZ	49711	
4973-18_1	4973-18	cIAP2	497318	
4976-57_1	4976-57	CRK	497657	
4978-54_2	4978-54	DBNL	497854	
4979-34_2	4979-34	DERM	497934	
4981-6_1	4981-6	DSC3	49816	
4982-54_1	4982-54	Elafin	498254	
4983-6_1	4983-6	ERP29	49836	
4984-83_1	4984-83	EsteraseD	498483	
4985-11_1	4985-11	FABPE	498511	
4986-59_1	4986-59	FAK1	498659	
4987-17_1	4987-17	FCAR	498717	
4988-49_2	4988-49	FGFR4	498849	
4989-7_1	4989-7	Fibrinogengchaindimer	49897	
4990-87_1	4990-87	GP1BA	499087	
4991-12_1	4991-12	GPC5	499112	
4992-49_1	4992-49	GRN	499249	
4993-16_1	4993-16	GSTA3	499316	
4994-178_1	4994-178	hnRNPK	4994178	
4995-16_1	4995-16	HPG	499516	
4996-66_1	4996-66	HRG	499666	
4997-19_1	4997-19	IF4A3	499719	
4998-50_2	4998-50	JAK2	499850	
5000-52_1	5000-52	LG3BP	500052	
5001-6_2	5001-6	Mammaglobin2	50016	
5002-76_1	5002-76	MMP14	500276	
5004-69_1	5004-69	MK11	500469	
5005-4_1	5005-4	MK12	50054	
5006-71_1	5006-71	MK13	500671	
5007-1_1	5007-1	MAPK14	50071	
5008-51_1	5008-51	MnSOD	500851	
5009-11_1	5009-11	Moesin	500911	
5011-11_1	5011-11	PBEF	501111	
5012-67_1	5012-67	Myokinasehuman	501267	
5013-2_1	5013-2	NCC27	50132	
5014-49_1	5014-49	NCK1	501449	
5015-15_1	5015-15	PAFAH	501515	
5016-61_2	5016-61	PARK7	501661	
5017-19_1	5017-19	Peroxiredoxin5	501719	
5018-68_1	5018-68	Peroxiredoxin6	501868	
5019-16_2	5019-16	PGP95	501916	
5020-50_1	5020-50	phosphoglyceratekinase1	502050	
5021-13_1	5021-13	PPase	502113	
5023-23_1	5023-23	PUR8	502323	
5024-67_1	5024-67	Rb	502467	
5026-66_1	5026-66	RS3	502666	
5028-59_1	5028-59	sCD163	502859	
5029-3_1	5029-3	SEPR	50293	
5030-52_1	5030-52	SIRT2	503052	
5031-10_1	5031-10	SPTA2	503110	
5032-64_1	5032-64	SSRP1	503264	
5033-27_1	5033-27	Tropomyosin1alphachain	503327	
5034-79_1	5034-79	Trypsin2	503479	
5035-7_1	5035-7	TS	50357	
5036-50_1	5036-50	TSG6	503650	
5060-62_3	5060-62	B7H1	506062	
5061-27_3	5061-27	B7H2	506127	
5062-60_3	5062-60	CD226	506260	
5063-12_2	5063-12	CD244	506312	
5065-8_2	5065-8	CD83	50658	
5066-134_3	5066-134	CLM6	5066134	
5068-54_3	5068-54	CRTAM	506854	
5069-9_3	5069-9	DAF	50699	
5070-76_3	5070-76	DcR3	507076	
5076-53_2	5076-53	EPHAA	507653	
5077-28_3	5077-28	EPHB2	507728	
5078-82_3	5078-82	EphB6	507882	
5080-131_3	5080-131	GPNMB	5080131	
5082-51_3	5082-51	IL1sR9	508251	
5084-154_3	5084-154	IL17BR	5084154	
5085-18_3	5085-18	IL20Ra	508518	
5087-5_3	5087-5	IL22BP	50875	
5088-175_3	5088-175	IL23R	5088175	
5089-11_3	5089-11	IL7Ra	508911	
5090-49_2	5090-49	ILT2	509049	
5091-28_3	5091-28	ILT4	509128	
5092-51_3	5092-51	JAG1	509251	
5093-47_3	5093-47	JAG2	509347	
5094-62_3	5094-62	JAML1	509462	
5095-21_3	5095-21	KI2L4	509521	
5096-51_3	5096-51	KI3L2	509651	
5097-14_3	5097-14	KI3S1	509714	
5098-79_3	5098-79	KLRF1	509879	
5099-14_3	5099-14	LAG3	509914	
5100-53_3	5100-53	LIMPII	510053	
5102-55_3	5102-55	MICB	510255	
5103-30_3	5103-30	MO2R1	510330	
5104-57_3	5104-57	NKp46	510457	
5105-2_3	5105-2	NogoReceptor	51052	
5106-52_3	5106-52	NOTC2	510652	
5107-7_2	5107-7	Notch1	51077	
5108-72_3	5108-72	Notch3	510872	
5109-24_3	5109-24	NrCAM	510924	
5110-84_3	5110-84	NRX1B	511084	
5111-15_3	5111-15	NRX3B	511115	
5112-73_3	5112-73	OX2G	511273	
5114-65_3	5114-65	ProlactinReceptor	511465	
5115-31_3	5115-31	RELT	511531	
5116-62_2	5116-62	ROBO2	511662	
5117-14_3	5117-14	ROBO3	511714	
5121-3_2	5121-3	SEM6B	51213	
5122-92_2	5122-92	Semaphorin6A	512292	
5124-69_3	5124-69	sICAM5	512469	
5125-6_3	5125-6	SIG14	51256	
5128-53_3	5128-53	SLAF6	512853	
5129-12_3	5129-12	SRECI	512912	
5130-67_3	5130-67	SRECII	513067	
5131-15_3	5131-15	TAJ	513115	
5132-71_3	5132-71	TCCR	513271	
5133-17_3	5133-17	TGFbRII	513317	
5134-52_2	5134-52	TIMD3	513452	
5138-50_3	5138-50	TWEAKR	513850	
5139-32_3	5139-32	UNC5H3	513932	
5140-56_3	5140-56	UNC5H4	514056	
5178-5_3	5178-5	PDE7A	51785	
5183-53_3	5183-53	AMPKa1b1g1	518353	
5193-51_3	5193-51	Kras	519351	
5196-7_3	5196-7	NMT1	51967	
5201-50_4	5201-50	PDE9A	520150	
5202-4_3	5202-4	PPID	52024	
5204-13_3	5204-13	PSME3	520413	
5223-59_3	5223-59	GCKR	522359	
5225-50_3	5225-50	CK2A1B	522550	
5226-36_3	5226-36	CK2A2B	522636	
5227-60_3	5227-60	PDK1	522760	
5228-25_2	5228-25	KIF23	522825	
5229-90_3	5229-90	IMDH1	522990	
5230-99_3	5230-99	HMGR	523099	
5231-79_3	5231-79	PCSK9	523179	
5236-2_3	5236-2	NR1D1	52362	
5238-26_3	5238-26	PPIE	523826	
5242-37_3	5242-37	MP2K4	524237	
5244-12_3	5244-12	JNK2	524412	
5245-40_5	5245-40	AMPKa2b2g1	524540	
5246-64_3	5246-64	cGMPstimulatedPDE	524664	
5248-68_2	5248-68	CyclophilinF	524868	
5249-31_3	5249-31	DRAK2	524931	
5250-53_3	5250-53	IMDH2	525053	
5252-33_3	5252-33	PDE11	525233	
5253-1_1	5253-1	PDE1A	52531	
5254-69_3	5254-69	PDE3A	525469	
5255-22_3	5255-22	PDE4D	525522	
5256-86_3	5256-86	PDE5A	525686	
5259-2_3	5259-2	TAK1TAB1	52592	
5260-80_3	5260-80	TYK2	526080	
5261-13_3	5261-13	ABL2	526113	
5262-57_3	5262-57	BCAR3	526257	
5264-65_3	5264-65	calreticulin	526465	
5265-12_3	5265-12	GRB2relatedadapterprotein2	526512	
5268-49_3	5268-49	MMP16	526849	
5271-5_1	5271-5	RAC3	52715	
5272-55_2	5272-55	SHC1	527255	
5275-28_2	5275-28	VAV	527528	
5280-68_5	5280-68	GHC2	528068	
5301-7_3	5301-7	Eotaxin	53017	
5307-12_3	5307-12	CoagulationFactorIXab	530712	
5308-89_2	5308-89	Elastase	530889	
5312-49_3	5312-49	ApoE2	531249	
5315-22_3	5315-22	TroponinT	531522	
5316-54_3	5316-54	Prothrombin	531654	
5328-33_37	5328-33	EGFRvIII	532833	
5335-73_3	5335-73	annexinVI	533573	
5337-64_3	5337-64	B72	533764	
5339-49_3	5339-49	calgranulinB	533949	
5340-24_3	5340-24	Caspase10	534024	
5343-74_3	5343-74	CBPE	534374	
5345-51_3	5345-51	CKAP2	534551	
5346-24_3	5346-24	CPNE1	534624	
5347-59_3	5347-59	CyclinB1	534759	
5349-69_3	5349-69	DLL1	534969	
5350-14_2	5350-14	GPC6	535014	
5351-52_3	5351-52	hnRNPA2B1	535152	
5352-11_3	5352-11	HVEM	535211	
5353-89_2	5353-89	IL1Ra	535389	
5354-11_3	5354-11	Keratin18	535411	
5355-69_3	5355-69	LIGHT	535569	
5356-2_3	5356-2	MIF	53562	
5357-60_3	5357-60	NLGNX	535760	
5358-3_3	5358-3	OMD	53583	
5359-65_3	5359-65	PIM1	535965	
5360-9_2	5360-9	PKBbeta	53609	
5363-51_3	5363-51	Semaphorin3E	536351	
5364-7_3	5364-7	SET	53647	
5383-14_3	5383-14	BAFFReceptor	538314	
5384-67_3	5384-67	BRF1	538467	
5392-73_2	5392-73	Fassoluble	539273	
5400-52_3	5400-52	sLeptinR	540052	
5404-53_3	5404-53	DR6	540453	
5410-53_3	5410-53	CAD15	541053	
5412-53_3	5412-53	CD27	541253	
5424-55_3	5424-55	RANK	542455	
5430-66_3	5430-66	SHPS1	543066	
5437-63_3	5437-63	FABP	543763	
5440-26_3	5440-26	TroponinIskeletalfasttwitch	544026	
5441-67_3	5441-67	TroponinI	544167	
5443-62_2	5443-62	ANP	544362	
5451-1_3	5451-1	ALCAM	54511	
5452-71_3	5452-71	ASGR1	545271	
5456-59_2	5456-59	CNDP1	545659	
5457-5_2	5457-5	COLEC12	54575	
5459-33_3	5459-33	CYTN	545933	
5460-60_3	5460-60	DEADboxprotein19B	546060	
5462-62_3	5462-62	Ficolin3	546262	
5463-22_3	5463-22	GAS1	546322	
5464-52_3	5464-52	GRB2adapterprotein	546452	
5465-32_3	5465-32	H6ST1	546532	
5467-15_3	5467-15	HSP90b	546715	
5468-67_3	5468-67	IL17RC	546867	
5470-69_2	5470-69	MED1	547069	
5475-10_3	5475-10	PKCBII	547510	
5476-66_3	5476-66	PKCG	547666	
5478-50_2	5478-50	PSMA	547850	
5480-49_3	5480-49	RANTES	548049	
5481-16_3	5481-16	RASA1	548116	
5482-61_3	5482-61	RBP	548261	
5483-1_3	5483-1	RGMA	54831	
5484-63_3	5484-63	RS3A	548463	
5486-73_3	5486-73	sICAM2	548673	
5487-7_3	5487-7	SLAF7	54877	
5488-74_3	5488-74	SRCN1	548874	
5489-18_3	5489-18	Stressinducedphosphoprotein1	548918	
5490-53_3	5490-53	Testican1	549053	
5491-12_3	5491-12	Testican2	549112	
5493-17_3	5493-17	WNK3	549317	
5494-52_3	5494-52	RUXF	549452	
5508-62_3	5508-62	CathepsinD	550862	
5509-7_3	5509-7	EGF	55097	
5526-53_3	5526-53	GITR	552653	
5532-53_3	5532-53	bFGFR	553253	
5534-49_2	5534-49	TRAILR2	553449	
5542-22_2	5542-22	NRP1	554222	
5792-8_2	5792-8	AFP	57928	
5798-3_3	5798-3	BID	57983	
5801-72_3	5801-72	bNGF	580172	
5803-24_3	5803-24	C3d	580324	
5807-77_3	5807-77	CD70	580777	
5810-25_3	5810-25	Cripto	581025	
5813-58_3	5813-58	Epo	581358	
5822-22_3	5822-22	GDNF	582222	
5825-49_3	5825-49	IFNgR1	582549	
5834-18_3	5834-18	IL9	583418	
5837-49_3	5837-49	LIFsR	583749	
5843-60_3	5843-60	NG36	584360	
5846-24_3	5846-24	Noggin	584624	
5852-6_3	5852-6	S100A12	58526	
5854-60_3	5854-60	tau	585460	
5858-6_5	5858-6	X1433proteinzetadelta	58586	
5861-78_3	5861-78	X3HAO	586178	
5864-10_3	5864-10	aldolaseA	586410	
5867-60_3	5867-60	ARGI1	586760	
5870-23_2	5870-23	BAD	587023	
5879-51_3	5879-51	Dynactinsubunit2	587951	
5882-34_2	5882-34	EF1beta	588234	
5885-55_3	5885-55	eIF4H	588555	
5888-29_3	5888-29	eIF5A1	588829	
5897-58_3	5897-58	Gastrinreleasingpeptide	589758	
5900-11_2	5900-11	HINT1	590011	
5903-91_2	5903-91	HSP70protein8	590391	
5909-51_3	5909-51	NucleosidediphosphatekinaseA	590951	
5915-58_3	5915-58	PEX5	591558	
5918-5_3	5918-5	PSME1	59185	
5921-58_3	5921-58	S100A7	592158	
5927-4_3	5927-4	WISP3	59274	
5934-1_3	5934-1	Ferritin	59341	
5936-53_3	5936-53	TNFa	593653	
5939-42_3	5939-42	TWEAK	593942	
5947-90_3	5947-90	Tpo	594790	
5954-62_3	5954-62	PTH	595462	
5957-30_3	5957-30	Somatostatin28	595730	
6151-18_3	6151-18	MP2K3	615118	
6152-111_3	6152-111	p53	6152111	
6641-60_3	6641-60	PolyUbiquitinK48	664160	
6647-55_3	6647-55	PolyUbiquitinK63	664755	
6649-51_3	6649-51	NET1	664951	
6653-58_3	6653-58	CD47	665358	
7624-19_3	7624-19	ANK2	762419	
7625-27_3	7625-27	X1433proteintheta	762527	
7628-40_3	7628-40	CREL1	762840	
7638-30_3	7638-30	Lectinmannosebinding2	763830	
7640-29_3	7640-29	LRP1B	764029	
7648-9_3	7648-9	MYPC1	76489	
7655-11_3	7655-11	NterminalproBNP	765511	
7660-21_3	7660-21	Tropomyosin4	766021	
8446-4_3	8446-4	PACAP27	84464	
8447-11_3	8447-11	ghrelin	844711	
8450-36_3	8450-36	PACAP38	845036	
8458-111_3	8458-111	aSynuclein	8458111	
8459-10_3	8459-10	BMP6	845910	
8462-18_3	8462-18	HGH	846218	
8463-2_3	8463-2	SOD3	84632	
8464-31_3	8464-31	RSPO4	846431	
8465-52_3	8465-52	CathepsinH	846552	
8467-9_3	8467-9	ActivinAB	84679	
8468-19_3	8468-19	PSA	846819	
8469-41_3	8469-41	IGFBP2	846941	
8470-213_3	8470-213	RNaseH1	8470213	
8474-6_3	8474-6	ROR1	84746	
8476-11_3	8476-11	CgA	847611	
8479-4_3	8479-4	MMP10	84794	
8480-29_3	8480-29	FBLN3	848029	
8484-24_3	8484-24	Leptin	848424	
8485-7_3	8485-7	KEAP1	84857	
8488-33_3	8488-33	gpIIbIIIa	848833	
9168-31_3	9168-31	Eotaxin3	916831	
9169-14_3	9169-14	SUMO3	916914	
9170-24_3	9170-24	IL17	917024	
9171-11_3	9171-11	CSRP3	917111	
9172-69_3	9172-69	MMP8	917269	
9173-21_3	9173-21	PGM1	917321	
9175-48_3	9175-48	DSCAM	917548	
9176-3_3	9176-3	MUC1	91763	
9177-6_3	9177-6	FAM3B	91776	
9178-30_3	9178-30	NEUREGULIN1	917830	
9180-6_3	9180-6	INGR2	91806	
9182-3_3	9182-3	sLRP1	91823	
9183-7_3	9183-7	IFNabR1	91837	
9185-15_3	9185-15	TFF1	918515	
9187-2_3	9187-2	HMGN1	91872	
9188-119_3	9188-119	MIG	9188119	
9190-7_3	9190-7	CD63	91907	
9191-8_3	9191-8	Trefoilfactor2	91918	
9196-8_3	9196-8	Galectin7	91968	
9197-4_3	9197-4	LEG9	91974	
9199-6_3	9199-6	UB2G2	91996	
9201-13_3	9201-13	Transgelin2	920113	
9202-309_3	9202-309	ATPO	9202309	
9204-33_3	9204-33	Corticotropinlipotropin	920433	
9207-60_3	9207-60	QORL1	920760	
9211-19_3	9211-19	PEDF	921119	
9212-22_3	9212-22	CATF	921222	
9213-24_3	9213-24	FTCD	921324	
9215-117_3	9215-117	UBP25	9215117	
9216-100_3	9216-100	PLXB2	9216100	
NA	NA	NA	NA	
